ip,port,code,country,anonymity,google,https,last_checked
157.230.163.11,80,US,United States,anonymous,no,no,13 seconds ago
13.52.63.227,8080,US,United States,anonymous,no,no,13 seconds ago
178.128.99.140,3128,SG,Singapore,elite proxy,no,yes,13 seconds ago
34.87.5.98,8080,US,United States,elite proxy,no,no,13 seconds ago
67.205.164.130,8080,US,United States,anonymous,no,no,13 seconds ago
73.140.109.213,8082,US,United States,elite proxy,no,no,13 seconds ago
45.77.141.223,80,DE,Germany,anonymous,no,no,13 seconds ago
138.197.142.219,3128,CA,Canada,elite proxy,no,no,13 seconds ago
103.231.242.242,80,PH,Philippines,anonymous,no,no,13 seconds ago
157.230.138.153,80,US,United States,elite proxy,no,no,13 seconds ago
94.177.232.21,8080,FR,France,anonymous,no,no,13 seconds ago
68.183.152.14,8080,US,United States,anonymous,no,no,13 seconds ago
138.219.228.160,8080,CL,Chile,anonymous,no,no,13 seconds ago
149.56.133.165,3128,CA,Canada,anonymous,no,no,13 seconds ago
206.189.216.18,3128,US,United States,anonymous,no,no,13 seconds ago
99.79.96.92,80,CA,Canada,anonymous,no,no,13 seconds ago
212.237.23.41,8080,IT,Italy,anonymous,no,no,13 seconds ago
159.65.228.122,8080,US,United States,anonymous,no,no,13 seconds ago
165.227.75.219,80,US,United States,anonymous,no,no,13 seconds ago
165.22.137.186,80,US,United States,anonymous,no,no,13 seconds ago
178.128.231.253,3128,CA,Canada,elite proxy,no,yes,13 seconds ago
35.245.62.234,80,US,United States,anonymous,no,yes,13 seconds ago
67.205.172.239,3128,US,United States,anonymous,no,no,13 seconds ago
165.22.105.131,8080,SG,Singapore,anonymous,no,no,13 seconds ago
185.34.20.82,8080,RU,Russian Federation,anonymous,no,yes,18 seconds ago
54.37.21.29,3128,FR,France,elite proxy,no,yes,1 minute ago
1.10.141.220,43664,TH,Thailand,transparent,no,no,2 minutes ago
46.32.68.188,39707,RU,Russian Federation,transparent,no,no,2 minutes ago
36.85.190.172,8080,ID,Indonesia,anonymous,no,yes,2 minutes ago
104.168.211.80,8080,US,United States,anonymous,no,no,2 minutes ago
158.69.104.193,1080,CA,Canada,anonymous,no,no,2 minutes ago
77.39.7.153,38264,RU,Russian Federation,elite proxy,no,no,2 minutes ago
138.68.41.90,3128,US,United States,anonymous,no,no,2 minutes ago
115.178.103.124,23500,IN,India,elite proxy,no,no,2 minutes ago
159.138.21.170,80,HK,Hong Kong,anonymous,no,no,2 minutes ago
46.225.248.11,8080,IR,Iran,elite proxy,no,no,2 minutes ago
162.243.108.161,3128,US,United States,anonymous,no,no,2 minutes ago
188.130.255.8,80,RU,Russian Federation,transparent,no,no,2 minutes ago
110.74.222.159,40348,KH,Cambodia,transparent,no,no,2 minutes ago
37.49.127.233,8080,DE,Germany,anonymous,no,no,2 minutes ago
37.49.127.238,8080,DE,Germany,anonymous,no,no,2 minutes ago
217.8.51.198,8080,DE,Germany,anonymous,no,no,2 minutes ago
37.49.127.231,8080,DE,Germany,anonymous,no,no,2 minutes ago
37.49.127.235,8080,DE,Germany,anonymous,no,no,2 minutes ago
109.193.195.4,8080,DE,Germany,anonymous,no,no,2 minutes ago
109.193.195.2,8080,DE,Germany,anonymous,no,no,2 minutes ago
217.8.51.194,8080,DE,Germany,anonymous,no,no,2 minutes ago
149.172.255.10,8080,DE,Germany,anonymous,no,no,2 minutes ago
149.172.255.3,8080,DE,Germany,anonymous,no,no,2 minutes ago
134.3.255.4,8080,DE,Germany,anonymous,no,no,2 minutes ago
46.237.255.4,8080,DE,Germany,anonymous,no,no,2 minutes ago
37.49.127.234,8080,DE,Germany,anonymous,no,no,2 minutes ago
46.237.255.3,3128,DE,Germany,anonymous,no,no,2 minutes ago
46.237.255.10,8080,DE,Germany,anonymous,no,no,2 minutes ago
46.223.255.12,8080,DE,Germany,anonymous,no,no,2 minutes ago
46.237.255.14,8080,DE,Germany,anonymous,no,no,2 minutes ago
46.5.252.59,3128,DE,Germany,anonymous,no,no,2 minutes ago
46.5.252.54,3128,DE,Germany,anonymous,no,no,2 minutes ago
46.237.255.7,8080,DE,Germany,anonymous,no,no,2 minutes ago
46.237.255.2,8080,DE,Germany,anonymous,no,no,2 minutes ago
149.172.255.9,8080,DE,Germany,anonymous,no,no,2 minutes ago
37.49.127.232,8080,DE,Germany,anonymous,no,no,2 minutes ago
37.49.127.236,8080,DE,Germany,anonymous,no,no,2 minutes ago
217.8.51.203,8080,DE,Germany,anonymous,no,no,2 minutes ago
217.8.51.202,8080,DE,Germany,anonymous,no,no,2 minutes ago
217.8.51.200,3128,DE,Germany,anonymous,no,no,2 minutes ago
149.172.255.8,8080,DE,Germany,anonymous,no,no,2 minutes ago
95.208.208.233,8080,DE,Germany,anonymous,no,no,2 minutes ago
134.3.255.13,8080,DE,Germany,anonymous,no,no,2 minutes ago
159.138.20.247,80,HK,Hong Kong,anonymous,no,no,2 minutes ago
123.63.54.229,55207,IN,India,elite proxy,no,no,2 minutes ago
110.74.196.9,51583,KH,Cambodia,elite proxy,no,no,2 minutes ago
109.193.195.6,8080,DE,Germany,anonymous,no,no,2 minutes ago
182.253.195.229,8080,ID,Indonesia,transparent,no,no,3 minutes ago
179.189.125.222,8080,BR,Brazil,transparent,no,no,4 minutes ago
200.35.86.230,8080,VE,Venezuela,transparent,no,no,4 minutes ago
65.52.174.40,443,HK,Hong Kong,anonymous,no,yes,5 minutes ago
36.37.160.253,53919,KH,Cambodia,transparent,no,no,5 minutes ago
95.31.245.50,33672,RU,Russian Federation,elite proxy,no,yes,6 minutes ago
37.187.127.216,8080,FR,France,elite proxy,no,yes,6 minutes ago
3.212.104.192,80,US,United States,elite proxy,no,yes,7 minutes ago
165.227.105.81,3128,US,United States,anonymous,no,yes,8 minutes ago
51.68.83.188,8080,FR,France,elite proxy,no,yes,8 minutes ago
198.27.67.35,3128,CA,Canada,elite proxy,no,yes,8 minutes ago
190.7.113.54,80,CO,Colombia,anonymous,no,yes,8 minutes ago
190.7.113.51,80,CO,Colombia,elite proxy,no,yes,8 minutes ago
51.68.92.55,8080,FR,France,elite proxy,no,yes,10 minutes ago
169.239.45.37,8080,ZA,South Africa,anonymous,no,yes,10 minutes ago
167.114.79.139,35869,CA,Canada,elite proxy,no,yes,10 minutes ago
117.2.17.26,53281,VN,Vietnam,elite proxy,no,yes,11 minutes ago
203.145.179.117,8080,IN,India,elite proxy,no,yes,11 minutes ago
85.10.197.9,3128,DE,Germany,elite proxy,no,yes,11 minutes ago
97.79.174.222,53281,US,United States,transparent,no,no,12 minutes ago
103.60.181.210,31622,ID,Indonesia,transparent,no,no,12 minutes ago
213.32.70.223,8000,FR,France,elite proxy,no,no,12 minutes ago
213.6.38.50,37115,PS,Palestinian Territory,elite proxy,no,no,12 minutes ago
217.23.176.215,32233,RU,Russian Federation,elite proxy,no,no,12 minutes ago
203.189.142.23,53281,KH,Cambodia,elite proxy,no,no,12 minutes ago
177.107.16.253,80,BR,Brazil,elite proxy,no,no,12 minutes ago
103.111.55.58,669,ID,Indonesia,transparent,no,no,12 minutes ago
188.255.187.226,8080,RS,Serbia,transparent,no,no,12 minutes ago
134.119.222.246,8080,FR,France,elite proxy,no,no,12 minutes ago
93.117.72.27,60681,MD,"Moldova, Republic of",elite proxy,no,no,12 minutes ago
184.23.191.8,8118,US,United States,elite proxy,no,yes,13 minutes ago
121.101.185.74,30943,ID,Indonesia,elite proxy,no,yes,15 minutes ago
158.69.138.13,1080,CA,Canada,elite proxy,no,yes,15 minutes ago
103.206.253.82,8080,ID,Indonesia,anonymous,no,yes,16 minutes ago
190.0.10.162,999,CO,Colombia,transparent,no,no,16 minutes ago
178.57.89.142,51734,RU,Russian Federation,transparent,no,no,18 minutes ago
201.158.60.26,36153,BR,Brazil,elite proxy,no,yes,18 minutes ago
45.115.60.7,44096,IN,India,elite proxy,no,yes,18 minutes ago
103.216.82.44,8080,IN,India,elite proxy,no,yes,19 minutes ago
139.59.55.59,3128,IN,India,anonymous,no,yes,19 minutes ago
188.94.35.254,41258,RU,Russian Federation,elite proxy,no,yes,20 minutes ago
93.190.137.58,8080,NL,Netherlands,transparent,no,no,20 minutes ago
45.127.246.228,8080,BD,Bangladesh,anonymous,no,no,20 minutes ago
49.51.195.24,1080,US,United States,transparent,no,no,21 minutes ago
113.181.44.38,8080,VN,Vietnam,transparent,no,no,21 minutes ago
91.185.237.65,3128,RU,Russian Federation,elite proxy,no,yes,21 minutes ago
134.119.188.152,8080,FR,France,elite proxy,no,no,22 minutes ago
31.41.175.83,55814,PL,Poland,elite proxy,no,no,22 minutes ago
190.36.57.67,3128,VE,Venezuela,elite proxy,no,no,22 minutes ago
183.89.65.59,8080,TH,Thailand,transparent,no,no,22 minutes ago
115.124.75.6,8080,ID,Indonesia,transparent,no,no,22 minutes ago
124.158.184.1,8080,ID,Indonesia,transparent,no,no,22 minutes ago
103.80.238.193,53281,ID,Indonesia,transparent,no,no,22 minutes ago
202.159.20.169,8080,ID,Indonesia,transparent,no,no,22 minutes ago
202.79.29.150,8080,KH,Cambodia,transparent,no,no,22 minutes ago
185.107.49.1,8080,LB,Lebanon,transparent,no,no,22 minutes ago
213.168.37.86,8080,RU,Russian Federation,transparent,no,no,22 minutes ago
202.169.226.230,8080,ID,Indonesia,transparent,no,no,22 minutes ago
186.42.97.58,54719,EC,Ecuador,transparent,no,no,22 minutes ago
117.212.193.37,8080,IN,India,transparent,no,no,22 minutes ago
36.67.153.58,48133,ID,Indonesia,transparent,no,no,22 minutes ago
203.189.148.2,38905,KH,Cambodia,transparent,no,no,22 minutes ago
137.59.161.46,8080,ID,Indonesia,transparent,no,no,22 minutes ago
84.201.253.7,44518,RU,Russian Federation,elite proxy,no,yes,22 minutes ago
5.58.149.229,47706,UA,Ukraine,elite proxy,no,yes,23 minutes ago
177.54.200.65,36416,BR,Brazil,elite proxy,no,yes,23 minutes ago
185.180.196.108,7770,NL,Netherlands,anonymous,no,yes,23 minutes ago
118.171.26.7,3128,TW,Taiwan,transparent,no,no,23 minutes ago
143.202.1.249,32187,BR,Brazil,elite proxy,no,yes,23 minutes ago
45.76.43.163,8080,NL,Netherlands,anonymous,no,yes,23 minutes ago
167.99.40.249,80,NL,Netherlands,anonymous,no,yes,23 minutes ago
41.210.161.114,80,UG,Uganda,transparent,no,no,23 minutes ago
192.241.170.125,8118,US,United States,transparent,no,no,24 minutes ago
193.200.151.158,34340,UA,Ukraine,transparent,no,no,24 minutes ago
96.9.69.164,53281,KH,Cambodia,elite proxy,no,yes,24 minutes ago
36.66.220.173,53031,ID,Indonesia,elite proxy,no,yes,24 minutes ago
144.217.229.158,8080,CA,Canada,elite proxy,no,yes,24 minutes ago
180.94.64.114,8080,AF,Afghanistan,transparent,no,no,24 minutes ago
136.243.81.120,8080,DE,Germany,transparent,no,no,24 minutes ago
137.59.50.74,8080,BD,Bangladesh,transparent,no,no,24 minutes ago
139.0.28.210,8080,ID,Indonesia,transparent,no,no,24 minutes ago
37.232.163.156,53281,RU,Russian Federation,transparent,no,no,24 minutes ago
84.52.85.235,40749,RU,Russian Federation,transparent,no,no,24 minutes ago
152.32.69.29,80,PH,Philippines,transparent,no,no,24 minutes ago
154.65.94.90,53281,ZA,South Africa,transparent,no,no,24 minutes ago
128.199.90.230,8118,SG,Singapore,transparent,no,no,24 minutes ago
36.79.95.165,8080,ID,Indonesia,transparent,no,no,24 minutes ago
91.211.122.94,46406,UA,Ukraine,transparent,no,no,24 minutes ago
131.108.6.118,50435,PA,Panama,transparent,no,no,24 minutes ago
139.180.211.119,8080,SG,Singapore,transparent,no,no,24 minutes ago
125.62.193.89,83,IN,India,transparent,no,no,24 minutes ago
80.149.121.126,8080,DE,Germany,transparent,no,no,24 minutes ago
152.245.20.6,8080,BR,Brazil,transparent,no,no,24 minutes ago
43.225.23.26,8080,IN,India,transparent,no,no,24 minutes ago
103.250.166.12,47031,IN,India,transparent,no,no,24 minutes ago
202.166.220.150,51273,NP,Nepal,transparent,no,no,24 minutes ago
139.162.28.121,3128,SG,Singapore,elite proxy,no,yes,25 minutes ago
103.78.254.57,8080,BD,Bangladesh,transparent,no,no,25 minutes ago
109.252.235.182,8080,RU,Russian Federation,transparent,no,no,25 minutes ago
153.232.166.228,8080,JP,Japan,elite proxy,no,yes,25 minutes ago
45.79.159.130,8118,US,United States,elite proxy,no,yes,26 minutes ago
196.22.215.196,8080,ZA,South Africa,transparent,no,no,26 minutes ago
156.219.82.217,8080,EG,Egypt,transparent,no,no,26 minutes ago
5.77.254.156,8080,AM,Armenia,transparent,no,no,26 minutes ago
150.129.115.118,47540,IN,India,transparent,no,no,26 minutes ago
186.96.113.109,8080,CO,Colombia,transparent,no,no,26 minutes ago
199.21.99.163,80,US,United States,transparent,no,no,26 minutes ago
138.121.136.153,8080,BR,Brazil,transparent,no,no,26 minutes ago
109.111.139.43,53281,RU,Russian Federation,transparent,no,no,26 minutes ago
178.253.200.198,6666,RS,Serbia,transparent,no,no,26 minutes ago
36.255.86.232,83,IN,India,transparent,no,no,26 minutes ago
212.33.28.54,8080,RU,Russian Federation,transparent,no,no,26 minutes ago
111.67.92.66,8080,ID,Indonesia,transparent,no,no,26 minutes ago
36.89.187.45,32832,ID,Indonesia,transparent,no,no,26 minutes ago
14.207.29.214,8080,TH,Thailand,transparent,no,no,26 minutes ago
83.168.86.166,8080,PL,Poland,transparent,no,no,26 minutes ago
202.138.243.8,8080,ID,Indonesia,transparent,no,no,26 minutes ago
202.153.231.150,80,ID,Indonesia,transparent,no,no,26 minutes ago
46.20.93.83,41258,IT,Italy,transparent,no,no,26 minutes ago
81.17.131.59,8080,UA,Ukraine,transparent,no,no,26 minutes ago
41.242.141.33,8080,RW,Rwanda,transparent,no,no,26 minutes ago
36.68.141.227,8080,ID,Indonesia,transparent,no,no,26 minutes ago
154.126.33.59,8080,MG,Madagascar,transparent,no,no,26 minutes ago
170.78.123.171,3128,BR,Brazil,transparent,no,no,26 minutes ago
118.185.252.132,8080,IN,India,transparent,no,no,26 minutes ago
201.49.230.9,20183,BR,Brazil,transparent,no,no,26 minutes ago
200.84.246.243,8080,VE,Venezuela,transparent,no,no,26 minutes ago
66.251.170.123,8080,ZA,South Africa,transparent,no,no,26 minutes ago
118.69.219.185,55184,VN,Vietnam,transparent,no,no,26 minutes ago
179.108.246.165,44743,BR,Brazil,transparent,no,no,26 minutes ago
181.113.135.254,52058,EC,Ecuador,elite proxy,no,yes,27 minutes ago
188.17.152.172,41540,RU,Russian Federation,transparent,no,no,27 minutes ago
165.16.96.118,8080,LY,Libya,transparent,no,no,27 minutes ago
190.102.154.131,8080,PE,Peru,transparent,no,no,27 minutes ago
85.238.98.160,41710,UA,Ukraine,elite proxy,no,yes,28 minutes ago
178.69.191.120,34953,RU,Russian Federation,elite proxy,no,yes,29 minutes ago
190.12.95.170,40578,PE,Peru,elite proxy,no,yes,29 minutes ago
151.106.8.226,1080,FR,France,transparent,no,no,29 minutes ago
36.89.148.47,47025,ID,Indonesia,elite proxy,no,yes,29 minutes ago
165.227.196.176,3128,US,United States,elite proxy,no,yes,29 minutes ago
199.21.97.180,80,US,United States,transparent,no,no,30 minutes ago
49.48.125.224,8080,TH,Thailand,transparent,no,no,30 minutes ago
95.175.14.17,8080,PL,Poland,transparent,no,no,30 minutes ago
119.82.252.71,55648,KH,Cambodia,transparent,no,no,30 minutes ago
199.21.99.93,80,US,United States,transparent,no,no,30 minutes ago
183.88.20.65,8080,TH,Thailand,transparent,no,no,30 minutes ago
195.225.48.113,58302,UA,Ukraine,transparent,no,no,30 minutes ago
181.119.69.26,32889,AR,Argentina,transparent,no,no,30 minutes ago
41.65.43.202,8080,EG,Egypt,transparent,no,no,30 minutes ago
183.88.132.181,8080,TH,Thailand,transparent,no,no,30 minutes ago
185.107.50.1,8080,LB,Lebanon,transparent,no,no,30 minutes ago
41.160.114.37,12354,ZA,South Africa,transparent,no,no,30 minutes ago
84.245.103.83,33446,SK,Slovakia,transparent,no,no,30 minutes ago
1.0.0.52,80,AU,Australia,transparent,no,no,30 minutes ago
183.89.93.227,8080,TH,Thailand,transparent,no,no,30 minutes ago
196.212.51.234,46551,ZA,South Africa,transparent,no,no,30 minutes ago
182.253.197.60,80,ID,Indonesia,transparent,no,no,30 minutes ago
5.152.122.150,32268,GE,Georgia,transparent,no,no,30 minutes ago
14.207.79.252,8080,TH,Thailand,transparent,no,no,30 minutes ago
118.136.201.108,8080,ID,Indonesia,transparent,no,no,30 minutes ago
199.21.99.27,80,US,United States,transparent,no,no,30 minutes ago
103.92.213.33,45998,BD,Bangladesh,transparent,no,no,30 minutes ago
45.32.110.36,8080,SG,Singapore,transparent,no,no,30 minutes ago
45.248.147.85,8080,BD,Bangladesh,transparent,no,no,30 minutes ago
182.253.168.143,8080,ID,Indonesia,transparent,no,no,30 minutes ago
185.34.52.202,8080,LT,Lithuania,transparent,no,no,30 minutes ago
115.127.62.36,8080,BD,Bangladesh,transparent,no,no,30 minutes ago
59.152.13.17,8080,BD,Bangladesh,transparent,no,no,30 minutes ago
123.108.200.113,83,IN,India,transparent,no,no,30 minutes ago
36.89.151.26,59760,ID,Indonesia,transparent,no,no,30 minutes ago
177.251.228.148,8080,PY,Paraguay,transparent,no,no,30 minutes ago
110.136.148.25,8080,ID,Indonesia,transparent,no,no,30 minutes ago
85.30.219.24,8181,RU,Russian Federation,transparent,no,no,30 minutes ago
199.21.96.4,80,US,United States,transparent,no,no,30 minutes ago
138.197.171.67,8118,CA,Canada,transparent,no,no,30 minutes ago
168.121.43.214,3128,BR,Brazil,transparent,no,no,30 minutes ago
45.234.95.186,3128,BR,Brazil,transparent,no,no,30 minutes ago
199.21.97.45,80,US,United States,transparent,no,no,30 minutes ago
117.255.220.129,8080,IN,India,transparent,no,no,30 minutes ago
103.212.128.82,8080,IN,India,transparent,no,no,30 minutes ago
117.198.129.24,41279,IN,India,transparent,no,no,30 minutes ago
177.66.164.87,8080,BR,Brazil,transparent,no,no,30 minutes ago
203.150.191.120,8080,TH,Thailand,transparent,no,no,30 minutes ago
77.120.3.159,8080,UA,Ukraine,transparent,no,no,30 minutes ago
118.99.103.210,8080,ID,Indonesia,transparent,no,no,30 minutes ago
179.104.26.242,8080,BR,Brazil,transparent,no,no,30 minutes ago
117.212.192.175,8080,IN,India,transparent,no,no,30 minutes ago
117.254.58.201,8080,IN,India,transparent,no,no,30 minutes ago
103.106.58.42,56939,BD,Bangladesh,elite proxy,no,yes,31 minutes ago
162.144.251.96,8888,US,United States,transparent,no,no,31 minutes ago
159.203.186.40,8080,US,United States,transparent,no,no,31 minutes ago
140.227.201.206,3128,JP,Japan,elite proxy,no,yes,31 minutes ago
118.172.211.183,30198,TH,Thailand,elite proxy,no,no,32 minutes ago
68.183.24.193,8080,US,United States,anonymous,no,no,32 minutes ago
68.183.99.96,8080,US,United States,anonymous,no,no,32 minutes ago
91.211.245.193,80,LT,Lithuania,anonymous,no,no,32 minutes ago
67.205.171.99,3128,US,United States,anonymous,no,no,32 minutes ago
142.93.145.207,80,CA,Canada,anonymous,no,no,32 minutes ago
207.180.226.111,3128,DE,Germany,anonymous,no,no,32 minutes ago
206.189.154.182,8080,SG,Singapore,anonymous,no,no,32 minutes ago
185.80.130.17,80,LT,Lithuania,anonymous,no,no,32 minutes ago
65.119.209.141,80,US,United States,anonymous,no,no,32 minutes ago
96.9.87.54,50231,KH,Cambodia,elite proxy,no,no,32 minutes ago
200.69.210.59,80,AR,Argentina,elite proxy,no,no,32 minutes ago
165.227.196.170,80,US,United States,anonymous,no,no,32 minutes ago
200.69.236.154,8080,AR,Argentina,anonymous,no,no,32 minutes ago
142.93.207.141,21,US,United States,anonymous,no,no,32 minutes ago
174.138.46.194,8080,US,United States,anonymous,no,no,32 minutes ago
80.48.119.28,8080,PL,Poland,elite proxy,no,no,32 minutes ago
185.186.70.16,41258,IT,Italy,elite proxy,no,no,32 minutes ago
185.251.33.194,39613,TR,Turkey,elite proxy,no,no,32 minutes ago
110.74.195.86,61412,KH,Cambodia,elite proxy,no,no,32 minutes ago
50.197.139.163,36609,US,United States,elite proxy,no,no,32 minutes ago
142.44.243.144,8080,CA,Canada,anonymous,no,no,32 minutes ago
212.243.175.126,80,CH,Switzerland,anonymous,no,no,32 minutes ago
181.113.131.98,47961,EC,Ecuador,elite proxy,no,no,32 minutes ago
68.183.100.171,80,US,United States,anonymous,no,no,32 minutes ago
103.66.178.43,65205,BD,Bangladesh,elite proxy,no,no,32 minutes ago
157.230.254.93,8080,SG,Singapore,anonymous,no,no,32 minutes ago
68.183.135.4,8080,US,United States,anonymous,no,no,32 minutes ago
167.88.117.209,3128,US,United States,anonymous,no,no,32 minutes ago
68.183.97.251,8080,US,United States,anonymous,no,no,32 minutes ago
165.22.41.92,8080,US,United States,anonymous,no,no,32 minutes ago
165.22.13.185,3128,US,United States,anonymous,no,no,32 minutes ago
180.250.159.34,56979,ID,Indonesia,elite proxy,no,no,32 minutes ago
158.69.221.147,8080,CA,Canada,anonymous,no,no,32 minutes ago
138.219.228.85,8080,CL,Chile,anonymous,no,no,32 minutes ago
